date,symbol,actual_price,predicted_price,floating_pnl,realized_pnl,position_size,action
2025-02-05,TWDUSD=X,0.030402896925807,0.0302040792168893,0.0,0.0,0.0,OPEN_SHORT
2025-02-06,TWDUSD=X,0.0304675549268722,0.0302917235559881,-0.0646580010652542,0.0,-1000.0,ADD_SHORT
2025-02-07,TWDUSD=X,0.0304915215820074,0.0303561752048075,-0.1125913113355636,0.0,-2000.0,ADD_SHORT
2025-02-10,TWDUSD=X,0.0304618943482637,0.0303800484735493,-0.0237096101045608,0.0,-3000.0,HOLD
2025-02-11,TWDUSD=X,0.030427137389779,0.0303504050128602,0.0805612653493881,0.0,-3000.0,HOLD
2025-02-12,TWDUSD=X,0.030484739691019,0.0303156593358558,-0.0922456383705139,0.0,-3000.0,HOLD
2025-02-13,TWDUSD=X,0.0304360259324312,0.0303729632167233,0.0538956373929977,0.0,-3000.0,HOLD
2025-02-14,TWDUSD=X,0.0306604579091072,0.0303243685400973,0.0,-0.619400292634964,-3000.0,OPEN_SHORT
2025-02-17,TWDUSD=X,0.0306133367121219,0.0305479773947901,0.0471211969852447,0.0,-1000.0,ADD_SHORT
2025-02-18,TWDUSD=X,0.0305748693645,0.0305009043341547,0.1240558922290802,0.0,-2000.0,ADD_SHORT
2025-02-19,TWDUSD=X,0.0305611342191696,0.0304623667344074,0.1652613282203639,0.0,-3000.0,HOLD
2025-02-20,TWDUSD=X,0.0305378939956426,0.0304484318743151,0.2349819988012279,0.0,-3000.0,HOLD
2025-02-21,TWDUSD=X,0.0305873081088066,0.0304250329321421,0.0867396593093837,0.0,-3000.0,HOLD
2025-02-24,TWDUSD=X,0.030512923374772,0.0304741727787517,0.3098938614129986,0.0,-3000.0,HOLD
2025-02-25,TWDUSD=X,0.0305813215672969,0.0304001068340711,0.1046992838382686,0.0,-3000.0,HOLD
2025-02-26,TWDUSD=X,0.0305079873651266,0.0304682851932637,0.3247018903493847,0.0,-3000.0,HOLD
2025-02-27,TWDUSD=X,0.0305340699851512,0.0303952667510122,0.2464540302753413,0.0,-3000.0,HOLD
2025-02-28,TWDUSD=X,0.0303935669362545,0.0304212507913309,0.0,0.6679631769657101,-3000.0,CLOSE
2025-03-03,TWDUSD=X,0.0303905196487903,0.0302812411620242,0.0,0.0,0.0,OPEN_SHORT
2025-03-04,TWDUSD=X,0.0304053947329521,0.0302783931382703,-0.0148750841617584,0.0,-1000.0,ADD_SHORT
2025-03-05,TWDUSD=X,0.0304926391690969,0.0302931024927667,-0.189363956451416,0.0,-2000.0,ADD_SHORT
2025-03-06,TWDUSD=X,0.0304867811501026,0.0303800048584223,-0.1717898994684219,0.0,-3000.0,HOLD
2025-03-07,TWDUSD=X,0.0304340831935405,0.0303741191716905,-0.0136960297822952,0.0,-3000.0,HOLD
2025-03-10,TWDUSD=X,0.0304627288132905,0.0303216292577745,-0.0996328890323638,0.0,-3000.0,HOLD
2025-03-11,TWDUSD=X,0.030426025390625,0.0303500864111472,0.0104773789644241,0.0,-3000.0,HOLD
2025-03-12,TWDUSD=X,0.0304239876568317,0.0303133281158068,0.0165905803442001,0.0,-3000.0,HOLD
2025-03-13,TWDUSD=X,0.0303893182426691,0.030311066560845,0.1205988228321075,0.0,-3000.0,HOLD
2025-03-14,TWDUSD=X,0.030332077294588,0.0302763356918196,0.2923216670751571,0.0,-3000.0,HOLD
2025-03-17,TWDUSD=X,0.0303711369633674,0.0302191642196277,0.1751426607370376,0.0,-3000.0,HOLD
2025-03-18,TWDUSD=X,0.0303431190550327,0.0302578533568865,0.2591963857412338,0.0,-3000.0,HOLD
2025-03-19,TWDUSD=X,0.0303221438080072,0.0302297105863261,0.3221221268177032,0.0,-3000.0,HOLD
2025-03-20,TWDUSD=X,0.0303000006824731,0.0302086541585416,0.3885515034198761,0.0,-3000.0,HOLD
2025-03-21,TWDUSD=X,0.0303146969527006,0.0301865498002656,0.3444626927375793,0.0,-3000.0,HOLD
2025-03-24,TWDUSD=X,0.0303260050714015,0.0302012906982386,0.3105383366346359,0.0,-3000.0,HOLD
2025-03-25,TWDUSD=X,0.0302926581352949,0.0302125777575731,0.4105791449546814,0.0,-3000.0,HOLD
2025-03-26,TWDUSD=X,0.0302614904940128,0.0301794351461869,0.5040820688009262,0.0,-3000.0,HOLD
2025-03-27,TWDUSD=X,0.0302219800651073,0.0301484740441297,0.6226133555173874,0.0,-3000.0,HOLD
2025-03-28,TWDUSD=X,0.0302010774612426,0.0301093330649208,0.6853211671113968,0.0,-3000.0,HOLD
2025-03-31,TWDUSD=X,0.0301333721727132,0.0300886306324577,0.888437032699585,0.0,-3000.0,HOLD
2025-04-01,TWDUSD=X,0.0300850495696067,0.0300212896304223,0.0,1.0334048420190811,-3000.0,OPEN_SHORT
2025-04-02,TWDUSD=X,0.0301173087209463,0.0299731281465086,-0.0322591513395309,0.0,-1000.0,ADD_SHORT
2025-04-03,TWDUSD=X,0.030063884332776,0.0300053012410897,0.0745896250009536,0.0,-2000.0,ADD_SHORT
2025-04-04,TWDUSD=X,0.0302744973450899,0.0299522633303888,0.0,-0.5572494119405712,-3000.0,OPEN_SHORT
2025-04-07,TWDUSD=X,0.0301545429974794,0.030162276492188,0.0,0.1199543476104736,-1000.0,CLOSE
2025-04-08,TWDUSD=X,0.0303213167935609,0.0300428247623568,0.0,0.0,0.0,OPEN_SHORT
2025-04-09,TWDUSD=X,0.0302291065454483,0.0302090315524313,0.0922102481126785,0.0,-1000.0,ADD_SHORT
2025-04-10,TWDUSD=X,0.0306860469281673,0.0301171976960729,0.0,-0.8216705173254013,-2000.0,OPEN_SHORT
2025-04-11,TWDUSD=X,0.0305005442351102,0.0305725858496807,0.0,0.1855026930570602,-1000.0,CLOSE
2025-04-14,TWDUSD=X,0.0309004392474889,0.0303877039009178,0.0,0.0,0.0,OPEN_SHORT
2025-04-15,TWDUSD=X,0.0309054050594568,0.0307861039721088,-0.0049658119678497,0.0,-1000.0,ADD_SHORT
2025-04-16,TWDUSD=X,0.0307654421776533,0.0307909597316674,0.0,0.2749599516391754,-2000.0,CLOSE
2025-04-17,TWDUSD=X,0.0308844055980443,0.0306514555678691,0.0,0.0,0.0,OPEN_SHORT
2025-04-22,TWDUSD=X,0.0308255683630704,0.0307700857753535,0.0588372349739074,0.0,-1000.0,ADD_SHORT
2025-04-23,TWDUSD=X,0.0306997075676918,0.0307116164624267,0.0,0.3105588257312774,-2000.0,CLOSE
2025-04-24,TWDUSD=X,0.0307382103055715,0.0305862266867569,0.0,0.0,0.0,OPEN_SHORT
2025-04-25,TWDUSD=X,0.0308303218334913,0.0306246057529848,-0.0921115279197692,0.0,-1000.0,ADD_SHORT
2025-04-28,TWDUSD=X,0.0307512525469064,0.0307163846293681,0.0660270452499389,0.0,-2000.0,ADD_SHORT
2025-04-29,TWDUSD=X,0.0308395456522703,0.0306376373704661,-0.1988522708415985,0.0,-3000.0,HOLD
2025-04-30,TWDUSD=X,0.0309389661997556,0.0307255406514555,0.0,-0.4971139132976532,-3000.0,OPEN_SHORT
2025-05-01,TWDUSD=X,0.0312187802046537,0.0308244780640952,0.0,-0.2798140048980713,-1000.0,OPEN_SHORT
2025-05-02,TWDUSD=X,0.0311413947492837,0.0311032512719884,0.0773854553699493,0.0,-1000.0,ADD_SHORT
2025-05-05,TWDUSD=X,0.0325687266886234,0.0310261308373454,0.0,-2.777278423309326,-2000.0,OPEN_SHORT
2025-05-06,TWDUSD=X,0.0342935547232627,0.0324480391988712,0.0,-1.7248280346393583,-1000.0,OPEN_SHORT
2025-05-07,TWDUSD=X,0.0333582423627376,0.0341661537778175,0.0,0.9353123605251312,-1000.0,OPEN_LONG
2025-05-08,TWDUSD=X,0.0329048037528991,0.0332341545449762,0.0,-0.4534386098384857,1000.0,OPEN_LONG
2025-05-09,TWDUSD=X,0.0330370999872684,0.0327822649359101,0.0,0.1322962343692779,1000.0,CLOSE
2025-05-12,TWDUSD=X,0.033061783760786,0.03291397377423,0.0,0.0,0.0,OPEN_SHORT
2025-05-13,TWDUSD=X,0.0329022035002708,0.0329385270547122,0.0,0.159580260515213,-1000.0,CLOSE
2025-05-14,TWDUSD=X,0.032867707312107,0.0327794843582009,0.0,0.0,0.0,OPEN_SHORT
2025-05-15,TWDUSD=X,0.0329601131379604,0.0327449832610727,-0.0924058258533477,0.0,-1000.0,ADD_SHORT
2025-05-16,TWDUSD=X,0.0331488065421581,0.0328370357976217,0.0,-0.4697926342487335,-2000.0,OPEN_SHORT
2025-05-19,TWDUSD=X,0.0331097319722175,0.0330251607882172,0.039074569940567,0.0,-1000.0,ADD_SHORT
2025-05-20,TWDUSD=X,0.0331721156835556,0.0329864153710742,-0.0856928527355194,0.0,-2000.0,ADD_SHORT
2025-05-21,TWDUSD=X,0.0331715680658817,0.0330486360802825,-0.0840499997138907,0.0,-3000.0,HOLD
2025-05-22,TWDUSD=X,0.0333087965846061,0.0330481004732698,-0.4957355558872153,0.0,-3000.0,HOLD
2025-05-23,TWDUSD=X,0.0332813039422035,0.0331848012477058,-0.4132576286792686,0.0,-3000.0,HOLD
2025-05-26,TWDUSD=X,0.0333650298416614,0.0331573521534877,0.0,-0.6644353270530632,-3000.0,OPEN_SHORT
2025-05-27,TWDUSD=X,0.0334280468523502,0.0332406549645521,-0.0630170106887817,0.0,-1000.0,ADD_SHORT
2025-05-28,TWDUSD=X,0.0333724915981292,0.0333032926553124,0.0480934977531433,0.0,-2000.0,ADD_SHORT
2025-05-29,TWDUSD=X,0.0333889797329902,0.0332478688714179,-0.001370906829827,0.0,-3000.0,HOLD
2025-05-30,TWDUSD=X,0.0335007272660732,0.0332642432338163,-0.3366135060787131,0.0,-3000.0,HOLD
2025-06-02,TWDUSD=X,0.033477284014225,0.0333754205814263,-0.2662837505340507,0.0,-3000.0,HOLD
2025-06-03,TWDUSD=X,0.033347450196743,0.033351787825161,0.0,0.1232177019119332,-3000.0,CLOSE
2025-06-04,TWDUSD=X,0.033371265977621,0.033222070974691,0.0,0.0,0.0,OPEN_SHORT
2025-06-05,TWDUSD=X,0.033397901803255,0.0332453813887685,-0.0266358256340026,0.0,-1000.0,ADD_SHORT
2025-06-06,TWDUSD=X,0.0333942249417305,0.03327154235608,-0.0192821025848388,0.0,-2000.0,ADD_SHORT
2025-06-09,TWDUSD=X,0.0334250293672084,0.0332676277308048,-0.1116953790187905,0.0,-3000.0,HOLD
2025-06-10,TWDUSD=X,0.0334293879568576,0.0332981109809887,-0.1247711479663918,0.0,-3000.0,HOLD
2025-06-11,TWDUSD=X,0.0334572345018386,0.0333022226395634,-0.2083107829094002,0.0,-3000.0,HOLD
2025-06-12,TWDUSD=X,0.0335486009716987,0.0333297674816704,0.0,-0.4824101924896309,-3000.0,OPEN_SHORT
2025-02-05 00:00:00,USDEUR=X,0.9640599935596084,0.9692021860628892,0.0,0.0,0.0,OPEN_LONG
2025-02-05 00:00:00,USDGBP=X,0.8013999982039547,0.8050579615782804,0.0,0.0,0.0,OPEN_LONG
2025-02-05 00:00:00,USDJPY=X,154.13299560546875,155.40433802326052,0.0,0.0,0.0,OPEN_LONG
2025-02-06 00:00:00,USDEUR=X,0.961460029634846,0.9649574147078914,-2.5999639247623607,0.0,1000.0,ADD_LONG
2025-02-06 00:00:00,USDGBP=X,0.7997399984688969,0.8020649095393982,-1.6599997350578155,0.0,1000.0,ADD_LONG
2025-02-06 00:00:00,USDJPY=X,152.6060028076172,154.25919674770697,0.0,-1526.9927978515625,1000.0,OPEN_LONG
2025-02-07 00:00:00,USDEUR=X,0.9628600333923388,0.9623539052793568,0.0,0.2000435902236308,2000.0,CLOSE
2025-02-07 00:00:00,USDGBP=X,0.8040199617897751,0.8004026484396858,0.0,6.899926906698495,2000.0,CLOSE
2025-02-07 00:00:00,USDJPY=X,151.1929931640625,152.7307480670615,0.0,-1413.0096435546875,1000.0,OPEN_LONG
2025-02-10 00:00:00,USDEUR=X,0.9697800384300088,0.9637549346276432,0.0,0.0,0.0,OPEN_SHORT
2025-02-10 00:00:00,USDGBP=X,0.806999957478764,0.8046859886906389,0.0,0.0,0.0,OPEN_SHORT
2025-02-10 00:00:00,USDJPY=X,151.8459930419922,151.31639848918755,0.0,652.9998779296875,1000.0,CLOSE
2025-02-11 00:00:00,USDEUR=X,0.9707300059503242,0.970681810608003,-0.9499675203152868,0.0,-1000.0,HOLD
2025-02-11 00:00:00,USDGBP=X,0.8090200158146742,0.8076689132683846,-2.0200583359102358,0.0,-1000.0,ADD_SHORT
2025-02-11 00:00:00,USDJPY=X,151.75900268554688,151.96988846804433,0.0,0.0,0.0,OPEN_LONG
2025-02-12 00:00:00,USDEUR=X,0.96479001696426,0.97163296959704,0.0,4.990021465748895,-1000.0,CLOSE
2025-02-12 00:00:00,USDGBP=X,0.8031100355246079,0.8096909077814727,0.0,9.799902244222336,-2000.0,CLOSE
2025-02-12 00:00:00,USDJPY=X,152.73899841308594,151.88264466086648,0.0,979.9957275390624,1000.0,CLOSE
2025-02-13 00:00:00,USDEUR=X,0.9622799380092528,0.9656870186484198,0.0,0.0,0.0,OPEN_LONG
2025-02-13 00:00:00,USDGBP=X,0.8031700128700868,0.8037761073978006,0.0,0.0,0.0,OPEN_LONG
2025-02-13 00:00:00,USDJPY=X,154.2550048828125,152.86326812046636,0.0,0.0,0.0,OPEN_SHORT
2025-02-14 00:00:00,USDEUR=X,0.9558699928713766,0.9631736057945388,0.0,-6.409945137876072,1000.0,OPEN_LONG
2025-02-14 00:00:00,USDGBP=X,0.7959599893044699,0.803835898293466,0.0,-7.210023565616952,1000.0,OPEN_LONG
2025-02-14 00:00:00,USDJPY=X,152.98899841308594,154.38043232641968,0.0,1266.0064697265625,-1000.0,CLOSE
2025-02-17 00:00:00,USDEUR=X,0.9533600038095268,0.9567569984756472,-2.509989061849849,0.0,1000.0,ADD_LONG
2025-02-17 00:00:00,USDGBP=X,0.7946500472937865,0.7966199453264509,-1.3099420106833517,0.0,1000.0,ADD_LONG
2025-02-17 00:00:00,USDJPY=X,152.0229949951172,153.1132452196155,0.0,0.0,0.0,OPEN_LONG
2025-02-18 00:00:00,USDEUR=X,0.9537099903999244,0.954243860863665,-1.8100158810547828,0.0,2000.0,ADD_LONG
2025-02-18 00:00:00,USDGBP=X,0.7923000215533811,0.7953089079421097,-6.0099934914943365,0.0,2000.0,ADD_LONG
2025-02-18 00:00:00,USDJPY=X,151.44400024414062,152.14650007486014,-578.9947509765625,0.0,1000.0,ADD_LONG
2025-02-19 00:00:00,USDEUR=X,0.9570900364998188,0.9545928819364656,0.0,8.33012241862885,3000.0,CLOSE
2025-02-19 00:00:00,USDGBP=X,0.7920299688158443,0.7929567694312339,-6.82015170410466,0.0,3000.0,HOLD
2025-02-19 00:00:00,USDJPY=X,151.93099975585938,151.5669594230546,0.0,395.0042724609375,2000.0,CLOSE
2025-02-20 00:00:00,USDEUR=X,0.9595999714474496,0.9579747188184335,0.0,0.0,0.0,OPEN_SHORT
2025-02-20 00:00:00,USDGBP=X,0.7946500472937865,0.7926862134170675,0.0,1.0400837297219745,3000.0,CLOSE
2025-02-20 00:00:00,USDJPY=X,151.22000122070312,152.05432587150992,0.0,0.0,0.0,OPEN_LONG
2025-02-21 00:00:00,USDEUR=X,0.9523299627292244,0.9604849293837184,0.0,7.2700087182252515,-1000.0,CLOSE
2025-02-21 00:00:00,USDGBP=X,0.7892409826485884,0.7953077646892442,0.0,0.0,0.0,OPEN_LONG
2025-02-21 00:00:00,USDJPY=X,149.4080047607422,151.34272320970356,0.0,-1811.9964599609373,1000.0,OPEN_LONG
2025-02-24 00:00:00,USDEUR=X,0.9546700043553378,0.953206610222864,0.0,0.0,0.0,OPEN_SHORT
2025-02-24 00:00:00,USDGBP=X,0.7905200260924321,0.7898934605625452,0.0,1.2790434438436638,1000.0,CLOSE
2025-02-24 00:00:00,USDJPY=X,149.38699340820312,149.52918660127114,-21.0113525390625,0.0,1000.0,ADD_LONG
2025-02-25 00:00:00,USDEUR=X,0.9559000557453998,0.9555480103336326,-1.230051390062048,0.0,-1000.0,HOLD
2025-02-25 00:00:00,USDGBP=X,0.7925299732800333,0.7911727987849354,0.0,0.0,0.0,OPEN_SHORT
2025-02-25 00:00:00,USDJPY=X,149.86399841308594,149.5081260423337,0.0,932.9986572265624,2000.0,CLOSE
2025-02-26 00:00:00,USDEUR=X,0.950200011213994,0.9567784159839944,0.0,4.469993141343664,-1000.0,CLOSE
2025-02-26 00:00:00,USDGBP=X,0.7889900042174234,0.7931838535024739,0.0,3.5399690626098934,-1000.0,CLOSE
2025-02-26 00:00:00,USDJPY=X,149.0780029296875,149.98542969257412,0.0,0.0,0.0,OPEN_LONG
2025-02-27 00:00:00,USDEUR=X,0.9533999861796572,0.9510717940741764,0.0,0.0,0.0,OPEN_SHORT
2025-02-27 00:00:00,USDGBP=X,0.7885000137704912,0.7896401173163646,0.0,0.0,0.0,OPEN_LONG
2025-02-27 00:00:00,USDJPY=X,148.83799743652344,149.19872056441346,-240.0054931640625,0.0,1000.0,ADD_LONG
2025-02-28 00:00:00,USDEUR=X,0.9619900420375692,0.9542727097167188,0.0,-8.59005585791206,-1000.0,OPEN_SHORT
2025-02-28 00:00:00,USDGBP=X,0.793720036590983,0.7891482212514833,0.0,5.220022820491832,1000.0,CLOSE
2025-02-28 00:00:00,USDJPY=X,150.01199340820312,148.95841660837667,0.0,2107.9864501953125,2000.0,CLOSE
2025-03-03 00:00:00,USDEUR=X,0.9602599336429264,0.9628682550660838,0.0,1.7301083946428264,-1000.0,CLOSE
2025-03-03 00:00:00,USDGBP=X,0.7934000108011104,0.7943713338690337,0.0,0.0,0.0,OPEN_LONG
2025-03-03 00:00:00,USDJPY=X,150.77099609375,150.13333913515714,0.0,0.0,0.0,OPEN_SHORT
2025-03-04 00:00:00,USDEUR=X,0.9537400259928756,0.961135734764483,0.0,0.0,0.0,OPEN_LONG
2025-03-04 00:00:00,USDGBP=X,0.7873100228996006,0.7940504849236538,0.0,-6.08998790150983,1000.0,OPEN_LONG
2025-03-04 00:00:00,USDJPY=X,149.30499267578125,150.8930373608613,0.0,1466.00341796875,-1000.0,CLOSE
2025-03-05 00:00:00,USDEUR=X,0.9409999452581438,0.9546098059793112,0.0,-12.740080734731873,1000.0,OPEN_LONG
2025-03-05 00:00:00,USDGBP=X,0.7816000022361755,0.7879555441005565,0.0,-5.710020663425075,1000.0,OPEN_LONG
2025-03-05 00:00:00,USDJPY=X,149.7989959716797,149.42587366101213,0.0,0.0,0.0,OPEN_SHORT
2025-03-06 00:00:00,USDEUR=X,0.9263600454577028,0.941857715923133,0.0,-14.639899800441004,1000.0,OPEN_LONG
2025-03-06 00:00:00,USDGBP=X,0.7756800324304701,0.7822407619769765,0.0,-5.919969805705416,1000.0,OPEN_LONG
2025-03-06 00:00:00,USDJPY=X,148.8979949951172,149.92040313437332,0.0,901.0009765625,-1000.0,CLOSE
2025-03-07 00:00:00,USDEUR=X,0.9269600059229204,0.927203746589935,0.5999604652174861,0.0,1000.0,HOLD
2025-03-07 00:00:00,USDGBP=X,0.776077955950684,0.7763153153615494,0.3979235202138387,0.0,1000.0,HOLD
2025-03-07 00:00:00,USDJPY=X,148.10800170898438,149.01872889716205,0.0,0.0,0.0,OPEN_LONG
2025-03-10 00:00:00,USDEUR=X,0.9207600088073948,0.9278038028610288,0.0,-5.600036650307949,1000.0,OPEN_LONG
2025-03-10 00:00:00,USDGBP=X,0.7732499965202585,0.7767128537083849,-2.4300359102116253,0.0,1000.0,ADD_LONG
2025-03-10 00:00:00,USDJPY=X,147.60800170898438,148.2280860030156,-500.0,0.0,1000.0,ADD_LONG
2025-03-11 00:00:00,USDEUR=X,0.9225599601264788,0.9215979426898746,0.0,1.7999513190839478,1000.0,CLOSE
2025-03-11 00:00:00,USDGBP=X,0.7766699624294157,0.7738822196788756,0.0,4.409895908102701,2000.0,CLOSE
2025-03-11 00:00:00,USDJPY=X,147.06900024414062,147.7276520603781,0.0,-1578.0029296875,2000.0,OPEN_LONG
2025-03-12 00:00:00,USDEUR=X,0.9162400182623066,0.9233994890481588,0.0,0.0,0.0,OPEN_LONG
2025-03-12 00:00:00,USDGBP=X,0.7725099938769114,0.7773050799053031,0.0,0.0,0.0,OPEN_LONG
2025-03-12 00:00:00,USDJPY=X,148.04200744628906,147.18802081246386,0.0,973.0072021484376,1000.0,CLOSE
2025-03-13 00:00:00,USDEUR=X,0.9185900030310836,0.917073508639534,0.0,2.3499847687769027,1000.0,CLOSE
2025-03-13 00:00:00,USDGBP=X,0.7713500101928888,0.7731417268430706,-1.159983684022592,0.0,1000.0,ADD_LONG
2025-03-13 00:00:00,USDJPY=X,148.2790069580078,148.16183008020116,0.0,0.0,0.0,OPEN_SHORT
2025-03-14 00:00:00,USDEUR=X,0.9211800264693776,0.9194254196540916,0.0,0.0,0.0,OPEN_SHORT
2025-03-14 00:00:00,USDGBP=X,0.7717000530620325,0.77198065148934,-0.4598979457353103,0.0,2000.0,HOLD
2025-03-14 00:00:00,USDJPY=X,147.94900512695312,148.39910869318803,0.0,330.0018310546875,-1000.0,CLOSE
2025-03-17 00:00:00,USDEUR=X,0.919009955767361,0.922017385570465,0.0,2.170070702016691,-1000.0,CLOSE
2025-03-17 00:00:00,USDGBP=X,0.7733599927131684,0.7723310959929037,0.0,2.859981356536423,2000.0,CLOSE
2025-03-17 00:00:00,USDJPY=X,148.59800720214844,148.06896981660037,0.0,0.0,0.0,OPEN_SHORT
2025-03-18 00:00:00,USDEUR=X,0.9158199930587012,0.9198455551421676,0.0,0.0,0.0,OPEN_LONG
2025-03-18 00:00:00,USDGBP=X,0.7701000313874723,0.7739927703859271,0.0,0.0,0.0,OPEN_LONG
2025-03-18 00:00:00,USDJPY=X,149.37899780273438,148.71854405055572,0.0,-780.9906005859375,-1000.0,OPEN_SHORT
2025-03-19 00:00:00,USDEUR=X,0.9141200276395564,0.9166528307222636,-1.6999654191447444,0.0,1000.0,ADD_LONG
2025-03-19 00:00:00,USDGBP=X,0.7692000440873362,0.7707303803666378,-0.8999873001360736,0.0,1000.0,ADD_LONG
2025-03-19 00:00:00,USDJPY=X,149.45199584960938,149.50009025916748,0.0,-72.998046875,-1000.0,CLOSE
2025-03-20 00:00:00,USDEUR=X,0.9164300013153336,0.9149514096955188,0.0,2.919981932409499,2000.0,CLOSE
2025-03-20 00:00:00,USDGBP=X,0.768599999633503,0.769830235704751,-2.1000762078027257,0.0,2000.0,ADD_LONG
2025-03-20 00:00:00,USDJPY=X,148.49000549316406,149.5732247931046,0.0,0.0,0.0,OPEN_LONG
2025-03-21 00:00:00,USDEUR=X,0.9210900048774264,0.917263190825732,0.0,0.0,0.0,OPEN_SHORT
2025-03-21 00:00:00,USDGBP=X,0.7711300566235758,0.769229854029829,0.0,5.490094762415576,3000.0,CLOSE
2025-03-21 00:00:00,USDJPY=X,148.5959930419922,148.61050843570746,105.987548828125,0.0,1000.0,HOLD
2025-03-24 00:00:00,USDEUR=X,0.9228700277765064,0.9219270456007654,-1.7800228990800804,0.0,-1000.0,ADD_SHORT
2025-03-24 00:00:00,USDGBP=X,0.7737199980409368,0.7717618452778902,0.0,0.0,0.0,OPEN_SHORT
2025-03-24 00:00:00,USDJPY=X,149.677001953125,148.71671883692477,0.0,1186.9964599609375,1000.0,CLOSE
2025-03-25 00:00:00,USDEUR=X,0.9256199952089286,0.9237089682648554,-7.279957763924205,0.0,-2000.0,ADD_SHORT
2025-03-25 00:00:00,USDGBP=X,0.7737399804107074,0.7743538228206813,0.0,-0.0199823697705214,-1000.0,CLOSE
2025-03-25 00:00:00,USDJPY=X,150.7740020751953,149.79885873039973,0.0,0.0,0.0,OPEN_SHORT
2025-03-26 00:00:00,USDEUR=X,0.9269999557971976,0.926461720738359,0.0,-11.419839528730936,-3000.0,OPEN_SHORT
2025-03-26 00:00:00,USDGBP=X,0.7725999973843288,0.7743740678468837,0.0,0.0,0.0,OPEN_LONG
2025-03-26 00:00:00,USDJPY=X,149.9499969482422,150.89683676695822,0.0,824.005126953125,-1000.0,CLOSE
2025-03-27 00:00:00,USDEUR=X,0.9309200414511268,0.9278428990559452,-3.920085653929317,0.0,-1000.0,ADD_SHORT
2025-03-27 00:00:00,USDGBP=X,0.77653997275642,0.7732336431620594,0.0,3.93997537209112,1000.0,CLOSE
2025-03-27 00:00:00,USDJPY=X,150.47300720214844,150.07227689242768,0.0,0.0,0.0,OPEN_SHORT
2025-03-28 00:00:00,USDEUR=X,0.925840046787514,0.931765849911068,0.0,6.239903673296521,-2000.0,CLOSE
2025-03-28 00:00:00,USDGBP=X,0.7720799742511399,0.7771770406161322,0.0,0.0,0.0,OPEN_LONG
2025-03-28 00:00:00,USDJPY=X,150.8470001220703,150.59574842906818,-373.992919921875,0.0,-1000.0,ADD_SHORT
2025-03-31 00:00:00,USDEUR=X,0.9238800280932566,0.9266825230435164,0.0,0.0,0.0,OPEN_LONG
2025-03-31 00:00:00,USDGBP=X,0.7728999707004797,0.7727142967502598,0.0,0.8199964493397216,1000.0,CLOSE
2025-03-31 00:00:00,USDJPY=X,149.61700439453125,150.97016395915733,0.0,2085.99853515625,-2000.0,CLOSE
2025-04-01 00:00:00,USDEUR=X,0.9243100269019952,0.9247223937214036,0.4299988087386186,0.0,1000.0,HOLD
2025-04-01 00:00:00,USDGBP=X,0.7739400036996597,0.7735361188265023,0.0,0.0,0.0,OPEN_SHORT
2025-04-01 00:00:00,USDJPY=X,149.91299438476562,149.73918746068384,0.0,0.0,0.0,OPEN_SHORT
2025-04-02 00:00:00,USDEUR=X,0.9262700314288425,0.9251533343009024,0.0,2.390003335585811,1000.0,CLOSE
2025-04-02 00:00:00,USDGBP=X,0.7738099982141302,0.7745775142517382,0.0,0.1300054855294385,-1000.0,CLOSE
2025-04-02 00:00:00,USDJPY=X,149.7830047607422,150.03530528683314,0.0,129.9896240234375,-1000.0,CLOSE
2025-04-03 00:00:00,USDEUR=X,0.9166999968090488,0.927115295437204,0.0,0.0,0.0,OPEN_LONG
2025-04-03 00:00:00,USDGBP=X,0.7664999823648337,0.7744478726611244,0.0,0.0,0.0,OPEN_LONG
2025-04-03 00:00:00,USDJPY=X,147.8719940185547,149.90507257971598,0.0,0.0,0.0,OPEN_LONG
2025-04-04 00:00:00,USDEUR=X,0.9054900150731356,0.9175352587556296,0.0,-11.209981735913145,1000.0,OPEN_LONG
2025-04-04 00:00:00,USDGBP=X,0.7640199986046807,0.7671312861839679,-2.479983760153015,0.0,1000.0,ADD_LONG
2025-04-04 00:00:00,USDJPY=X,146.2310028076172,147.9922023803555,0.0,-1640.9912109375,1000.0,OPEN_LONG
2025-04-07 00:00:00,USDEUR=X,0.9103699992967608,0.9063147590477144,0.0,4.879984223625344,1000.0,CLOSE
2025-04-07 00:00:00,USDGBP=X,0.77454999164843,0.7646493926757013,0.0,18.58000232734547,2000.0,OPEN_SHORT
2025-04-07 00:00:00,USDJPY=X,145.43299865722656,146.34966890731394,0.0,-798.004150390625,1000.0,OPEN_LONG
2025-04-08 00:00:00,USDEUR=X,0.9161400535512106,0.9111995856672618,0.0,0.0,0.0,OPEN_SHORT
2025-04-08 00:00:00,USDGBP=X,0.7852399811698347,0.775189224395961,0.0,-10.689989521404764,-1000.0,OPEN_SHORT
2025-04-08 00:00:00,USDJPY=X,147.78900146484375,145.55079093748236,0.0,2356.0028076171875,1000.0,OPEN_SHORT
2025-04-09 00:00:00,USDEUR=X,0.9107099896385478,0.9169748885638684,0.0,5.430063912662875,-1000.0,CLOSE
2025-04-09 00:00:00,USDGBP=X,0.7817999574085974,0.7858895872493228,0.0,3.4400237612373097,-1000.0,CLOSE
2025-04-09 00:00:00,USDJPY=X,145.84500122070312,147.90846855210697,0.0,1944.000244140625,-1000.0,OPEN_LONG
2025-04-10 00:00:00,USDEUR=X,0.913070017859522,0.9115397937198876,0.0,0.0,0.0,OPEN_SHORT
2025-04-10 00:00:00,USDGBP=X,0.7796999729708729,0.7824475735277043,0.0,0.0,0.0,OPEN_LONG
2025-04-10 00:00:00,USDJPY=X,147.3990020751953,145.96282901774538,0.0,1554.0008544921875,1000.0,OPEN_SHORT
2025-04-11 00:00:00,USDEUR=X,0.8882700204441897,0.9139009973307072,0.0,24.799997415332232,-1000.0,OPEN_LONG
2025-04-11 00:00:00,USDGBP=X,0.7697000204247504,0.7803458949574116,0.0,-9.999952546122516,1000.0,OPEN_LONG
2025-04-11 00:00:00,USDJPY=X,143.7469940185547,147.51798628954663,0.0,3652.008056640625,-1000.0,OPEN_LONG
2025-04-14 00:00:00,USDEUR=X,0.8815899669974211,0.8890783472006596,0.0,-6.680053446768586,1000.0,OPEN_LONG
2025-04-14 00:00:00,USDGBP=X,0.7642199704410062,0.7703385801147246,0.0,-5.480049983744184,1000.0,OPEN_LONG
2025-04-14 00:00:00,USDJPY=X,143.6959991455078,143.86298602499608,-50.994873046875,0.0,1000.0,ADD_LONG
2025-04-15 00:00:00,USDEUR=X,0.8818600305306661,0.8823928238453754,0.2700635332449907,0.0,1000.0,ADD_LONG
2025-04-15 00:00:00,USDGBP=X,0.7590400016214843,0.7648545995695467,0.0,-5.179968819521874,1000.0,OPEN_LONG
2025-04-15 00:00:00,USDJPY=X,143.2209930419922,143.8119575036569,-1001.007080078125,0.0,2000.0,ADD_LONG
2025-04-16 00:00:00,USDEUR=X,0.8855300021746061,0.8826625665240682,0.0,7.610006821124893,2000.0,CLOSE
2025-04-16 00:00:00,USDGBP=X,0.7558000385260697,0.7596700617282464,-3.239963095414633,0.0,1000.0,ADD_LONG
2025-04-16 00:00:00,USDJPY=X,143.18099975585938,143.33638880404848,-1120.986938476591,0.0,3000.0,HOLD
2025-04-17 00:00:00,USDEUR=X,0.8774399939081543,0.8863348515580252,0.0,0.0,0.0,OPEN_LONG
2025-04-17 00:00:00,USDGBP=X,0.755630040152322,0.756426486002808,-3.579959842909819,0.0,2000.0,ADD_LONG
2025-04-17 00:00:00,USDJPY=X,141.92799377441406,143.2962029483382,0.0,-4880.004882812528,3000.0,OPEN_LONG
2025-04-22 00:00:00,USDEUR=X,0.868600014144273,0.8782363060129422,0.0,-8.839979763881288,1000.0,OPEN_LONG
2025-04-22 00:00:00,USDGBP=X,0.7473999707761776,0.7562552448196608,0.0,-28.270167971343184,3000.0,OPEN_LONG
2025-04-22 00:00:00,USDJPY=X,140.87600708007812,142.0421012924921,0.0,-1051.9866943359375,1000.0,OPEN_LONG
2025-04-23 00:00:00,USDEUR=X,0.8809600298084849,0.8693884072508512,0.0,12.360015664211854,1000.0,OPEN_SHORT
2025-04-23 00:00:00,USDGBP=X,0.753400000987935,0.7480178329893294,0.0,6.0000302117574345,1000.0,CLOSE
2025-04-23 00:00:00,USDJPY=X,142.68800354003906,140.98939927310028,0.0,1811.9964599609373,1000.0,OPEN_SHORT
2025-04-24 00:00:00,USDEUR=X,0.8828200287958642,0.8817599425722674,-1.8599989873793188,0.0,-1000.0,ADD_SHORT
2025-04-24 00:00:00,USDGBP=X,0.7538900079787201,0.754022639332491,0.0,0.0,0.0,HOLD
2025-04-24 00:00:00,USDJPY=X,143.22300720214844,142.80304839668906,-535.003662109375,0.0,-1000.0,ADD_SHORT
2025-04-25 00:00:00,USDEUR=X,0.879359988058008,0.8836213596948018,0.0,5.0600824883331175,-2000.0,CLOSE
2025-04-25 00:00:00,USDGBP=X,0.750399974093934,0.7545127923405671,0.0,0.0,0.0,OPEN_LONG
2025-04-25 00:00:00,USDJPY=X,142.87899780273438,143.33858727410524,0.0,153.01513671875,-2000.0,CLOSE
2025-04-28 00:00:00,USDEUR=X,0.8815899669974211,0.8801575971219069,0.0,0.0,0.0,OPEN_SHORT
2025-04-28 00:00:00,USDGBP=X,0.7524399829538233,0.7510191063222849,0.0,2.0400088598893085,1000.0,CLOSE
2025-04-28 00:00:00,USDJPY=X,143.84100341796875,142.99437244148382,0.0,0.0,0.0,OPEN_SHORT
2025-04-29 00:00:00,USDEUR=X,0.8764900059901681,0.8823885981991961,0.0,5.099961007252962,-1000.0,CLOSE
2025-04-29 00:00:00,USDGBP=X,0.7442599958548752,0.7530596442732927,0.0,0.0,0.0,OPEN_LONG
2025-04-29 00:00:00,USDJPY=X,142.17799377441406,143.95714890908997,0.0,1663.0096435546875,-1000.0,OPEN_LONG
2025-04-30 00:00:00,USDEUR=X,0.8780199635629284,0.87728469487422,0.0,0.0,0.0,OPEN_SHORT
2025-04-30 00:00:00,USDGBP=X,0.7456679635797646,0.7448727722060987,0.0,1.4079677248893807,1000.0,CLOSE
2025-04-30 00:00:00,USDJPY=X,142.2989959716797,142.29281361739913,0.0,121.002197265625,1000.0,CLOSE
2025-05-01 00:00:00,USDEUR=X,0.883010067143059,0.8788169992628639,0.0,-4.990103580130523,-1000.0,OPEN_SHORT
2025-05-01 00:00:00,USDGBP=X,0.7505300211722165,0.7462822369463343,0.0,0.0,0.0,OPEN_SHORT
2025-05-01 00:00:00,USDJPY=X,143.00900268554688,142.41401751793626,0.0,0.0,0.0,OPEN_SHORT
2025-05-02 00:00:00,USDEUR=X,0.8852300344336701,0.8838129797104841,-2.219967290611136,0.0,-1000.0,ADD_SHORT
2025-05-02 00:00:00,USDGBP=X,0.7526500099143775,0.7511486517297585,-2.1199887421610164,0.0,-1000.0,ADD_SHORT
2025-05-02 00:00:00,USDJPY=X,145.447998046875,143.12478088434978,0.0,-2438.995361328125,-1000.0,OPEN_SHORT
2025-05-05 00:00:00,USDEUR=X,0.8831400279788129,0.8860361303445137,0.0,1.9600456191033453,-2000.0,CLOSE
2025-05-05 00:00:00,USDGBP=X,0.7534699726523157,0.7532704840007916,-3.7599142180375633,0.0,-2000.0,HOLD
2025-05-05 00:00:00,USDJPY=X,144.62399291992188,145.56592625005715,0.0,824.005126953125,-1000.0,CLOSE
2025-05-06 00:00:00,USDEUR=X,0.8839099792188733,0.8839446986062596,0.0,0.0,0.0,HOLD
2025-05-06 00:00:00,USDGBP=X,0.7523000300880265,0.7540905025719958,0.0,-1.4200290894590406,-2000.0,CLOSE
2025-05-06 00:00:00,USDJPY=X,143.6540069580078,144.74129852087887,0.0,0.0,0.0,OPEN_LONG
2025-05-07 00:00:00,USDEUR=X,0.8816199864781824,0.8847159133230389,0.0,0.0,0.0,OPEN_LONG
2025-05-07 00:00:00,USDGBP=X,0.7487300270569349,0.7529191897841295,0.0,0.0,0.0,OPEN_LONG
2025-05-07 00:00:00,USDJPY=X,143.03500366210938,143.77046822052054,-619.0032958984375,0.0,1000.0,ADD_LONG
2025-05-08 00:00:00,USDEUR=X,0.8844699991027308,0.882424813450057,0.0,2.850012624548426,1000.0,CLOSE
2025-05-08 00:00:00,USDGBP=X,0.7522100396979936,0.7493465908726834,0.0,3.480012641058683,1000.0,CLOSE
2025-05-08 00:00:00,USDJPY=X,143.84800720214844,143.15096402775555,0.0,1007.0037841796876,2000.0,CLOSE
2025-05-09 00:00:00,USDEUR=X,0.8909299538508793,0.8852787366996254,0.0,0.0,0.0,OPEN_SHORT
2025-05-09 00:00:00,USDGBP=X,0.755550003328034,0.7528304227661854,0.0,0.0,0.0,OPEN_SHORT
2025-05-09 00:00:00,USDJPY=X,146.01499938964844,143.9646654289015,0.0,0.0,0.0,OPEN_SHORT
2025-05-12 00:00:00,USDEUR=X,0.8905000047770143,0.8917459054823003,0.0,0.4299490738649547,-1000.0,CLOSE
2025-05-12 00:00:00,USDGBP=X,0.7524999883383514,0.7561742156943372,0.0,3.0500149896826034,-1000.0,CLOSE
2025-05-12 00:00:00,USDJPY=X,145.81199645996094,146.1333636325577,0.0,203.0029296875,-1000.0,CLOSE
2025-05-13 00:00:00,USDEUR=X,0.9012599857429028,0.8913164566633756,0.0,0.0,0.0,OPEN_SHORT
2025-05-13 00:00:00,USDGBP=X,0.7588500076304672,0.7531226284662504,0.0,0.0,0.0,OPEN_SHORT
2025-05-13 00:00:00,USDJPY=X,148.30999755859375,145.93021591708862,0.0,0.0,0.0,OPEN_SHORT
2025-05-14 00:00:00,USDEUR=X,0.894010044627989,0.9020866380943078,0.0,7.249941114913727,-1000.0,CLOSE
2025-05-14 00:00:00,USDGBP=X,0.751630004063418,0.7594786382662658,0.0,7.220003567049216,-1000.0,CLOSE
2025-05-14 00:00:00,USDJPY=X,147.5279998779297,148.43024320943942,0.0,781.9976806640625,-1000.0,CLOSE
2025-05-15 00:00:00,USDEUR=X,0.8942999758104486,0.8948309343277032,0.0,0.0,0.0,OPEN_LONG
2025-05-15 00:00:00,USDGBP=X,0.7539499738140911,0.7522535518117819,0.0,0.0,0.0,OPEN_SHORT
2025-05-15 00:00:00,USDJPY=X,146.64999389648438,147.64776812783532,0.0,0.0,0.0,OPEN_LONG
2025-05-16 00:00:00,USDEUR=X,0.8934399760062507,0.8951212542741591,-0.8599998041979307,0.0,1000.0,ADD_LONG
2025-05-16 00:00:00,USDGBP=X,0.7514900157077622,0.7545756485883949,0.0,2.45995810632893,-1000.0,CLOSE
2025-05-16 00:00:00,USDJPY=X,145.61300659179688,146.76921467709676,0.0,-1036.9873046875,1000.0,OPEN_LONG
2025-05-19 00:00:00,USDEUR=X,0.8938500054076777,0.8942603281044237,-0.0399410013440793,0.0,2000.0,HOLD
2025-05-19 00:00:00,USDGBP=X,0.751568992625607,0.7521132701062071,0.0,0.0,0.0,OPEN_LONG
2025-05-19 00:00:00,USDJPY=X,145.29800415039062,145.73152976897467,-315.00244140625,0.0,1000.0,ADD_LONG
2025-05-20 00:00:00,USDEUR=X,0.8902000618892522,0.8946704219493111,-7.339828038195106,0.0,2000.0,ADD_LONG
2025-05-20 00:00:00,USDGBP=X,0.7485000078074635,0.7521923195295422,-3.0689848181434387,0.0,1000.0,ADD_LONG
2025-05-20 00:00:00,USDJPY=X,144.97500610351562,145.41635333699742,-960.99853515625,0.0,2000.0,ADD_LONG
2025-05-21 00:00:00,USDEUR=X,0.8859000553700207,0.8910165412447325,0.0,-20.239847595889373,3000.0,OPEN_LONG
2025-05-21 00:00:00,USDGBP=X,0.746390018175255,0.7491200585828841,0.0,-7.288964082560412,2000.0,OPEN_LONG
2025-05-21 00:00:00,USDJPY=X,144.3280029296875,145.093090712992,0.0,-2902.008056640653,3000.0,OPEN_LONG
2025-05-22 00:00:00,USDEUR=X,0.8825200370025572,0.8867127159292186,-3.3800183674634887,0.0,1000.0,ADD_LONG
2025-05-22 00:00:00,USDGBP=X,0.7452099655458649,0.7470080786005554,-1.180052629390027,0.0,1000.0,ADD_LONG
2025-05-22 00:00:00,USDJPY=X,143.7550048828125,144.44564744751077,-572.998046875,0.0,1000.0,ADD_LONG
2025-05-23 00:00:00,USDEUR=X,0.8863799855788779,0.8833289392574071,0.0,4.339878785177831,2000.0,CLOSE
2025-05-23 00:00:00,USDGBP=X,0.7451999692631734,0.7458261218587898,-1.200045194772903,0.0,2000.0,ADD_LONG
2025-05-23 00:00:00,USDJPY=X,143.85800170898438,143.87218314290828,-367.00439453125,0.0,2000.0,HOLD
2025-05-26 00:00:00,USDEUR=X,0.8792900279092506,0.8871914900527135,0.0,0.0,0.0,OPEN_LONG
2025-05-26 00:00:00,USDGBP=X,0.7387800409276319,0.745814921218651,0.0,-20.4598302013973,3000.0,OPEN_LONG
2025-05-26 00:00:00,USDJPY=X,142.86700439453125,143.975157995323,0.0,-2348.9990234375,2000.0,OPEN_LONG
2025-05-27 00:00:00,USDEUR=X,0.8780799788304693,0.8800934233457818,-1.2100490787813056,0.0,1000.0,ADD_LONG
2025-05-27 00:00:00,USDGBP=X,0.7371800127617456,0.7393883002678849,-1.6000281658863358,0.0,1000.0,ADD_LONG
2025-05-27 00:00:00,USDJPY=X,142.65499877929688,142.98327745458965,-212.005615234375,0.0,1000.0,ADD_LONG
2025-05-28 00:00:00,USDEUR=X,0.8820599507036989,0.8788805505835992,0.0,6.749894667677836,2000.0,CLOSE
2025-05-28 00:00:00,USDGBP=X,0.7400100372245354,0.7377859398796763,0.0,4.060020759693028,2000.0,CLOSE
2025-05-28 00:00:00,USDJPY=X,144.177001953125,142.77091261340593,0.0,2832.000732421875,2000.0,CLOSE
2025-05-29 00:00:00,USDEUR=X,0.8901800350952556,0.8828630920828069,0.0,0.0,0.0,OPEN_SHORT
2025-05-29 00:00:00,USDGBP=X,0.7445199915932496,0.7406181104628647,0.0,0.0,0.0,OPEN_SHORT
2025-05-29 00:00:00,USDJPY=X,145.69700622558594,144.29398128011076,0.0,0.0,0.0,OPEN_SHORT
2025-05-30 00:00:00,USDEUR=X,0.8788600038093746,0.8909905509632657,0.0,11.320031285880994,-1000.0,OPEN_LONG
2025-05-30 00:00:00,USDGBP=X,0.7407960030293782,0.745131697491119,0.0,3.72398856387135,-1000.0,CLOSE
2025-05-30 00:00:00,USDJPY=X,143.7790069580078,145.81511425518065,0.0,1917.999267578125,-1000.0,OPEN_LONG
2025-06-02 00:00:00,USDEUR=X,0.880800004115982,0.8796603003600465,0.0,1.940000306607459,1000.0,CLOSE
2025-06-02 00:00:00,USDGBP=X,0.7425399967071429,0.7414046478758903,0.0,0.0,0.0,OPEN_SHORT
2025-06-02 00:00:00,USDJPY=X,143.81500244140625,143.89552325730455,35.9954833984375,0.0,1000.0,ADD_LONG
2025-06-03 00:00:00,USDEUR=X,0.8730999379257198,0.8816025340159777,0.0,0.0,0.0,OPEN_LONG
2025-06-03 00:00:00,USDGBP=X,0.7376399956912566,0.7431502073205887,0.0,4.90000101588628,-1000.0,CLOSE
2025-06-03 00:00:00,USDJPY=X,142.45199584960938,143.93159583259313,0.0,-2690.0177001953125,2000.0,OPEN_LONG
2025-06-04 00:00:00,USDEUR=X,0.8783900198335474,0.8738957405267753,0.0,5.290081907827537,1000.0,CLOSE
2025-06-04 00:00:00,USDGBP=X,0.739020009622069,0.7382461152561612,0.0,0.0,0.0,OPEN_SHORT
2025-06-04 00:00:00,USDJPY=X,143.83700561523438,142.5674467177029,0.0,1385.009765625,1000.0,CLOSE
2025-06-05 00:00:00,USDEUR=X,0.8755000388769822,0.8791926584497964,0.0,0.0,0.0,OPEN_LONG
2025-06-05 00:00:00,USDGBP=X,0.7378899986735128,0.7396285133762315,0.0,1.1300109485562482,-1000.0,CLOSE
2025-06-05 00:00:00,USDJPY=X,142.73199462890625,143.95359981824714,0.0,0.0,0.0,OPEN_LONG
2025-06-06 00:00:00,USDEUR=X,0.8730700415156971,0.8763008646932097,-2.42999736128513,0.0,1000.0,ADD_LONG
2025-06-06 00:00:00,USDGBP=X,0.7364000163632587,0.7384981304619302,0.0,0.0,0.0,OPEN_LONG
2025-06-06 00:00:00,USDJPY=X,143.54200744628906,142.847650073026,0.0,810.0128173828125,1000.0,CLOSE
2025-06-09 00:00:00,USDEUR=X,0.8765900235443709,0.8738686763371681,0.0,4.609966696062395,2000.0,CLOSE
2025-06-09 00:00:00,USDGBP=X,0.7386500009906068,0.7370069726921954,0.0,2.249984627348156,1000.0,CLOSE
2025-06-09 00:00:00,USDJPY=X,144.6909942626953,143.65814103099507,0.0,0.0,0.0,OPEN_SHORT
2025-06-10 00:00:00,USDEUR=X,0.8750400300754955,0.8773918214543451,0.0,0.0,0.0,OPEN_LONG
2025-06-10 00:00:00,USDGBP=X,0.7376399956912566,0.7392593023521965,0.0,0.0,0.0,OPEN_LONG
2025-06-10 00:00:00,USDJPY=X,144.5399932861328,144.8080486090509,0.0,151.0009765625,-1000.0,CLOSE
2025-06-11 00:00:00,USDEUR=X,0.8743199835488003,0.8758398886064475,-0.7200465266952172,0.0,1000.0,ADD_LONG
2025-06-11 00:00:00,USDGBP=X,0.7402900017967587,0.7382487200260224,0.0,2.650006105502145,1000.0,CLOSE
2025-06-11 00:00:00,USDJPY=X,144.83799743652344,144.65695046437696,0.0,0.0,0.0,OPEN_SHORT
2025-06-12 00:00:00,USDEUR=X,0.8688600166819804,0.87511960159498,0.0,-11.63998026033486,2000.0,OPEN_LONG
2025-06-12 00:00:00,USDGBP=X,0.7370599904719847,0.7409023458253371,0.0,0.0,0.0,OPEN_LONG
2025-06-12 00:00:00,USDJPY=X,144.2030029296875,144.95527033781903,0.0,634.9945068359375,-1000.0,CLOSE
2025-02-05 00:00:00,TWDUSD=X,0.030402896925807,0.03034079459367215,0.0,0.0,0.0,OPEN_SHORT
2025-02-06 00:00:00,TWDUSD=X,0.030467554926872253,0.030428812151968472,-0.06465800106525421,0.0,-1000.0,ADD_SHORT
2025-02-07 00:00:00,TWDUSD=X,0.030491521582007408,0.030493545302800434,0.0,-0.11259131133556366,-2000.0,CLOSE
2025-02-10 00:00:00,TWDUSD=X,0.03046189434826374,0.030517556390609178,0.0,0.0,0.0,OPEN_LONG
2025-02-11 00:00:00,TWDUSD=X,0.03042713738977909,0.03048790797715927,-0.03475695848464966,0.0,1000.0,ADD_LONG
2025-02-12 00:00:00,TWDUSD=X,0.030484739691019058,0.030453168516868002,0.0,0.08044764399528503,2000.0,CLOSE
2025-02-13 00:00:00,TWDUSD=X,0.03043602593243122,0.03051085558909742,0.0,0.0,0.0,OPEN_LONG
2025-02-14 00:00:00,TWDUSD=X,0.030660457909107208,0.030462122028087266,0.0,0.22443197667598724,1000.0,CLOSE
2025-02-17 00:00:00,TWDUSD=X,0.030613336712121964,0.030686774670883137,0.0,0.0,0.0,OPEN_LONG
2025-02-18 00:00:00,TWDUSD=X,0.030574869364500046,0.03063961167297582,-0.038467347621917725,0.0,1000.0,ADD_LONG
2025-02-19 00:00:00,TWDUSD=X,0.030561134219169617,0.030601158219637502,-0.06593763828277588,0.0,2000.0,ADD_LONG
2025-02-20 00:00:00,TWDUSD=X,0.030537893995642662,0.03058745620244325,-0.13565830886363983,0.0,3000.0,HOLD
2025-02-21 00:00:00,TWDUSD=X,0.03058730810880661,0.030564225210286983,0.0,0.012584030628204346,3000.0,CLOSE
2025-02-24 00:00:00,TWDUSD=X,0.030512923374772072,0.030613693962367627,0.0,0.0,0.0,OPEN_LONG
2025-02-25 00:00:00,TWDUSD=X,0.030581321567296982,0.03053921715956241,0.0,0.06839819252490997,1000.0,CLOSE
2025-02-26 00:00:00,TWDUSD=X,0.03050798736512661,0.030607678069594857,0.0,0.0,0.0,OPEN_LONG
2025-02-27 00:00:00,TWDUSD=X,0.03053406998515129,0.030534272303810863,0.02608262002468109,0.0,1000.0,HOLD
2025-02-28 00:00:00,TWDUSD=X,0.0303935669362545,0.0305603481090447,-0.11442042887210846,0.0,1000.0,ADD_LONG
2025-03-03 00:00:00,TWDUSD=X,0.03039051964879036,0.03041969715604677,-0.12051500380039215,0.0,2000.0,ADD_LONG
2025-03-04 00:00:00,TWDUSD=X,0.030405394732952118,0.030416574050027186,-0.07588975131511688,0.0,3000.0,HOLD
2025-03-05 00:00:00,TWDUSD=X,0.030492639169096947,0.03043142215212907,0.0,0.1858435571193695,3000.0,CLOSE
2025-03-06 00:00:00,TWDUSD=X,0.030486781150102615,0.030518709309249027,0.0,0.0,0.0,OPEN_LONG
2025-03-07 00:00:00,TWDUSD=X,0.030434083193540573,0.03051281704046299,-0.052697956562042236,0.0,1000.0,ADD_LONG
2025-03-10 00:00:00,TWDUSD=X,0.030462728813290596,0.03046005027866377,0.0,0.00459328293800354,2000.0,CLOSE
2025-03-11 00:00:00,TWDUSD=X,0.030426025390625,0.030488656039506574,0.0,0.0,0.0,OPEN_LONG
2025-03-12 00:00:00,TWDUSD=X,0.03042398765683174,0.03045190664477044,-0.002037733793258667,0.0,1000.0,ADD_LONG
2025-03-13 00:00:00,TWDUSD=X,0.030389318242669106,0.03044985160872793,-0.07137656211853027,0.0,2000.0,ADD_LONG
2025-03-14 00:00:00,TWDUSD=X,0.03033207729458809,0.030415146971261686,-0.24309940636158336,0.0,3000.0,HOLD
2025-03-17 00:00:00,TWDUSD=X,0.030371136963367462,0.030357870222565544,0.0,-0.12592040002346386,3000.0,CLOSE
2025-03-18 00:00:00,TWDUSD=X,0.03034311905503273,0.03039692701135812,0.0,0.0,0.0,OPEN_LONG
2025-03-19 00:00:00,TWDUSD=X,0.03032214380800724,0.0303689090408882,-0.020975247025489807,0.0,1000.0,ADD_LONG
2025-03-20 00:00:00,TWDUSD=X,0.030300000682473183,0.030347931398037636,-0.06526149809360504,0.0,2000.0,ADD_LONG
2025-03-21 00:00:00,TWDUSD=X,0.030314696952700615,0.030325778196146878,-0.02117268741130829,0.0,3000.0,HOLD
2025-03-24 00:00:00,TWDUSD=X,0.030326005071401596,0.03034050330154691,0.012751668691635132,0.0,3000.0,HOLD
2025-03-25 00:00:00,TWDUSD=X,0.030292658135294914,0.030351791945434598,-0.08728913962841034,0.0,3000.0,HOLD
2025-03-26 00:00:00,TWDUSD=X,0.030261490494012833,0.03031844714882855,-0.18079206347465515,0.0,3000.0,HOLD
2025-03-27 00:00:00,TWDUSD=X,0.030221980065107346,0.030287256598260277,-0.29932335019111633,0.0,3000.0,HOLD
2025-03-28 00:00:00,TWDUSD=X,0.030201077461242676,0.030247711218332193,-0.36203116178512573,0.0,3000.0,HOLD
2025-03-31 00:00:00,TWDUSD=X,0.03013337217271328,0.030226799150545713,0.0,-0.5651470273733139,3000.0,OPEN_LONG
2025-04-01 00:00:00,TWDUSD=X,0.03008504956960678,0.0301590554388394,-0.04832260310649872,0.0,1000.0,ADD_LONG
2025-04-02 00:00:00,TWDUSD=X,0.030117308720946312,0.030110673267399215,0.0,0.01619569957256317,2000.0,CLOSE
2025-04-03 00:00:00,TWDUSD=X,0.03006388433277607,0.0301429469666075,0.0,0.0,0.0,OPEN_LONG
2025-04-04 00:00:00,TWDUSD=X,0.030274497345089912,0.030089460593806145,0.0,0.21061301231384277,1000.0,CLOSE
2025-04-07 00:00:00,TWDUSD=X,0.03015454299747944,0.0303002455145457,0.0,0.0,0.0,OPEN_LONG
2025-04-08 00:00:00,TWDUSD=X,0.030321316793560982,0.030180235931869547,0.0,0.16677379608154297,1000.0,CLOSE
2025-04-09 00:00:00,TWDUSD=X,0.030229106545448303,0.030347201244088733,0.0,0.0,0.0,OPEN_LONG
2025-04-10 00:00:00,TWDUSD=X,0.030686046928167343,0.030254940427614157,0.0,0.4569403827190399,1000.0,OPEN_SHORT
2025-04-11 00:00:00,TWDUSD=X,0.030500544235110283,0.030712305607964143,0.0,0.18550269305706024,-1000.0,CLOSE
2025-04-14 00:00:00,TWDUSD=X,0.030900439247488976,0.030526663622678293,0.0,0.0,0.0,OPEN_SHORT
2025-04-15 00:00:00,TWDUSD=X,0.030905405059456825,0.030926921336843074,0.0,-0.0049658119678497314,-1000.0,CLOSE
2025-04-16 00:00:00,TWDUSD=X,0.030765442177653313,0.03093190111273033,0.0,0.0,0.0,OPEN_LONG
2025-04-17 00:00:00,TWDUSD=X,0.030884405598044395,0.030791799252656432,0.0,0.11896342039108276,1000.0,CLOSE
2025-04-22 00:00:00,TWDUSD=X,0.030825568363070488,0.03091084939019693,0.0,0.0,0.0,OPEN_LONG
2025-04-23 00:00:00,TWDUSD=X,0.030699707567691803,0.030851928820827067,-0.125860795378685,0.0,1000.0,ADD_LONG
2025-04-24 00:00:00,TWDUSD=X,0.030738210305571556,0.03072598773809005,0.0,-0.04885531961917877,2000.0,CLOSE
2025-04-25 00:00:00,TWDUSD=X,0.030830321833491325,0.03076453218893854,0.0,0.0,0.0,OPEN_SHORT
2025-04-28 00:00:00,TWDUSD=X,0.03075125254690647,0.03085669315260022,0.0,0.07906928658485413,-1000.0,CLOSE
2025-04-29 00:00:00,TWDUSD=X,0.030839545652270317,0.03077751694879582,0.0,0.0,0.0,OPEN_SHORT
2025-04-30 00:00:00,TWDUSD=X,0.03093896619975567,0.03086582591712326,-0.09942054748535156,0.0,-1000.0,ADD_SHORT
2025-05-01 00:00:00,TWDUSD=X,0.03121878020465374,0.030965341150720253,0.0,-0.6590485572814941,-2000.0,OPEN_SHORT
2025-05-02 00:00:00,TWDUSD=X,0.03114139474928379,0.03124539376512405,0.0,0.07738545536994934,-1000.0,CLOSE
2025-05-05 00:00:00,TWDUSD=X,0.03256872668862343,0.031167940931938736,0.0,0.0,0.0,OPEN_SHORT
2025-05-06 00:00:00,TWDUSD=X,0.03429355472326279,0.032596510852350505,0.0,-1.7248280346393585,-1000.0,OPEN_SHORT
2025-05-07 00:00:00,TWDUSD=X,0.033358242362737656,0.03432280062473271,0.0,0.9353123605251312,-1000.0,OPEN_LONG
2025-05-08 00:00:00,TWDUSD=X,0.03290480375289917,0.03338672888097905,0.0,-0.4534386098384857,1000.0,OPEN_LONG
2025-05-09 00:00:00,TWDUSD=X,0.03303709998726845,0.03293290443408189,0.0,0.13229623436927795,1000.0,CLOSE
2025-05-12 00:00:00,TWDUSD=X,0.033061783760786057,0.03306531817613784,0.0,0.0,0.0,HOLD
2025-05-13 00:00:00,TWDUSD=X,0.032902203500270844,0.033090024604656106,0.0,0.0,0.0,OPEN_LONG
2025-05-14 00:00:00,TWDUSD=X,0.032867707312107086,0.03293029495303461,-0.034496188163757324,0.0,1000.0,ADD_LONG
2025-05-15 00:00:00,TWDUSD=X,0.032960113137960434,0.03289581221904358,0.0,0.15031546354293823,2000.0,CLOSE
2025-05-16 00:00:00,TWDUSD=X,0.03314880654215813,0.03298831022505987,0.0,0.0,0.0,OPEN_SHORT
2025-05-19 00:00:00,TWDUSD=X,0.03310973197221756,0.03317716210398615,0.0,0.03907456994056702,-1000.0,CLOSE
2025-05-20 00:00:00,TWDUSD=X,0.0331721156835556,0.033138036147766815,0.0,0.0,0.0,OPEN_SHORT
2025-05-21 00:00:00,TWDUSD=X,0.03317156806588173,0.03320043085849324,0.0,0.0005476176738739014,-1000.0,CLOSE
2025-05-22 00:00:00,TWDUSD=X,0.03330879658460617,0.03319989665637512,0.0,0.0,0.0,OPEN_SHORT
2025-05-23 00:00:00,TWDUSD=X,0.03328130394220352,0.03333724626503967,0.0,0.027492642402648926,-1000.0,CLOSE
2025-05-26 00:00:00,TWDUSD=X,0.03336502984166145,0.033309721563034606,0.0,0.0,0.0,OPEN_SHORT
2025-05-27 00:00:00,TWDUSD=X,0.033428046852350235,0.03339351074237096,-0.06301701068878174,0.0,-1000.0,ADD_SHORT
2025-05-28 00:00:00,TWDUSD=X,0.03337249159812927,0.03345654080514837,0.0,0.04809349775314331,-2000.0,CLOSE
2025-05-29 00:00:00,TWDUSD=X,0.033388979732990265,0.033400960966185445,0.0,0.0,0.0,HOLD
2025-05-30 00:00:00,TWDUSD=X,0.03350072726607323,0.03341748320958219,0.0,0.0,0.0,OPEN_SHORT
2025-06-02 00:00:00,TWDUSD=X,0.033477284014225006,0.03352932378159713,0.0,0.023443251848220825,-1000.0,CLOSE
2025-06-03 00:00:00,TWDUSD=X,0.03334745019674301,0.033505878305103244,0.0,0.0,0.0,OPEN_LONG
2025-06-04 00:00:00,TWDUSD=X,0.03337126597762108,0.03337590176159529,0.023815780878067017,0.0,1000.0,HOLD
2025-06-05 00:00:00,TWDUSD=X,0.03339790180325508,0.03339977682195492,0.0504516065120697,0.0,1000.0,HOLD
2025-06-06 00:00:00,TWDUSD=X,0.0333942249417305,0.03342645448717106,0.04677474498748779,0.0,1000.0,ADD_LONG
2025-06-09 00:00:00,TWDUSD=X,0.03342502936720848,0.03342275344010232,0.0,0.10838359594345093,2000.0,CLOSE
2025-06-10 00:00:00,TWDUSD=X,0.03342938795685768,0.03345356679654048,0.0,0.0,0.0,OPEN_LONG
2025-06-11 00:00:00,TWDUSD=X,0.033457234501838684,0.03345785662906979,0.027846544981002808,0.0,1000.0,HOLD
2025-06-12 00:00:00,TWDUSD=X,0.03354860097169876,0.03348575985197198,0.0,0.11921301484107971,1000.0,CLOSE
